[{"model": "admin.logentry", "pk": 1, "fields": {"action_time": "2023-06-21T08:57:50.046", "user": 1, "content_type": 10, "object_id": "1", "object_repr": "RFL", "action_flag": 1, "change_message": "[{\"added\": {}}]"}}, {"model": "admin.logentry", "pk": 2, "fields": {"action_time": "2023-06-21T08:58:25.233", "user": 1, "content_type": 10, "object_id": "1", "object_repr": "RFL", "action_flag": 2, "change_message": "[{\"changed\": {\"fields\": [\"Phone number\"]}}]"}}, {"model": "admin.logentry", "pk": 3, "fields": {"action_time": "2023-06-21T08:58:45.924", "user": 1, "content_type": 10, "object_id": "2", "object_repr": "ACI", "action_flag": 1, "change_message": "[{\"added\": {}}]"}}, {"model": "admin.logentry", "pk": 4, "fields": {"action_time": "2023-06-21T08:59:33.303", "user": 1, "content_type": 10, "object_id": "3", "object_repr": "Regal", "action_flag": 1, "change_message": "[{\"added\": {}}]"}}, {"model": "admin.logentry", "pk": 5, "fields": {"action_time": "2023-06-21T09:00:48.276", "user": 1, "content_type": 10, "object_id": "4", "object_repr": "Samit", "action_flag": 1, "change_message": "[{\"added\": {}}]"}}, {"model": "admin.logentry", "pk": 6, "fields": {"action_time": "2023-06-21T09:02:04.781", "user": 1, "content_type": 7, "object_id": "1", "object_repr": "Gamsung S20", "action_flag": 1, "change_message": "[{\"added\": {}}]"}}, {"model": "admin.logentry", "pk": 7, "fields": {"action_time": "2023-06-21T09:07:58.030", "user": 1, "content_type": 7, "object_id": "1", "object_repr": "Samsung S20", "action_flag": 2, "change_message": "[{\"changed\": {\"fields\": [\"Name\"]}}]"}}, {"model": "admin.logentry", "pk": 8, "fields": {"action_time": "2023-06-21T09:08:35.171", "user": 1, "content_type": 7, "object_id": "2", "object_repr": "Samsung S20", "action_flag": 1, "change_message": "[{\"added\": {}}]"}}, {"model": "admin.logentry", "pk": 9, "fields": {"action_time": "2023-06-21T09:08:57.458", "user": 1, "content_type": 7, "object_id": "3", "object_repr": "Samsung S20", "action_flag": 1, "change_message": "[{\"added\": {}}]"}}, {"model": "admin.logentry", "pk": 10, "fields": {"action_time": "2023-06-21T09:09:25.175", "user": 1, "content_type": 7, "object_id": "4", "object_repr": "Dell", "action_flag": 1, "change_message": "[{\"added\": {}}]"}}, {"model": "admin.logentry", "pk": 11, "fields": {"action_time": "2023-06-21T09:09:42.958", "user": 1, "content_type": 7, "object_id": "5", "object_repr": "Dell", "action_flag": 1, "change_message": "[{\"added\": {}}]"}}, {"model": "admin.logentry", "pk": 12, "fields": {"action_time": "2023-06-21T09:10:19.368", "user": 1, "content_type": 7, "object_id": "6", "object_repr": "Apple iPad", "action_flag": 1, "change_message": "[{\"added\": {}}]"}}, {"model": "admin.logentry", "pk": 13, "fields": {"action_time": "2023-06-21T09:10:34.581", "user": 1, "content_type": 7, "object_id": "7", "object_repr": "Apple iPad", "action_flag": 1, "change_message": "[{\"added\": {}}]"}}, {"model": "admin.logentry", "pk": 14, "fields": {"action_time": "2023-06-21T09:10:55.850", "user": 1, "content_type": 7, "object_id": "8", "object_repr": "Samsung S20", "action_flag": 1, "change_message": "[{\"added\": {}}]"}}, {"model": "admin.logentry", "pk": 15, "fields": {"action_time": "2023-06-21T09:11:10.227", "user": 1, "content_type": 7, "object_id": "9", "object_repr": "Samsung S20", "action_flag": 1, "change_message": "[{\"added\": {}}]"}}, {"model": "admin.logentry", "pk": 16, "fields": {"action_time": "2023-06-21T09:11:46.657", "user": 1, "content_type": 7, "object_id": "10", "object_repr": "Samsung S20", "action_flag": 1, "change_message": "[{\"added\": {}}]"}}, {"model": "admin.logentry", "pk": 17, "fields": {"action_time": "2023-06-21T09:12:04.201", "user": 1, "content_type": 7, "object_id": "11", "object_repr": "Dell", "action_flag": 1, "change_message": "[{\"added\": {}}]"}}, {"model": "admin.logentry", "pk": 18, "fields": {"action_time": "2023-06-21T09:12:18.623", "user": 1, "content_type": 7, "object_id": "12", "object_repr": "Dell", "action_flag": 1, "change_message": "[{\"added\": {}}]"}}, {"model": "admin.logentry", "pk": 19, "fields": {"action_time": "2023-06-21T09:12:43.869", "user": 1, "content_type": 7, "object_id": "13", "object_repr": "Apple iPad", "action_flag": 1, "change_message": "[{\"added\": {}}]"}}, {"model": "admin.logentry", "pk": 20, "fields": {"action_time": "2023-06-21T09:13:00.274", "user": 1, "content_type": 7, "object_id": "14", "object_repr": "Apple iPad", "action_flag": 1, "change_message": "[{\"added\": {}}]"}}, {"model": "admin.logentry", "pk": 21, "fields": {"action_time": "2023-06-21T09:13:24.617", "user": 1, "content_type": 7, "object_id": "15", "object_repr": "Samsung S20", "action_flag": 1, "change_message": "[{\"added\": {}}]"}}, {"model": "admin.logentry", "pk": 22, "fields": {"action_time": "2023-06-21T09:13:33.381", "user": 1, "content_type": 7, "object_id": "16", "object_repr": "Samsung S20", "action_flag": 1, "change_message": "[{\"added\": {}}]"}}, {"model": "admin.logentry", "pk": 23, "fields": {"action_time": "2023-06-21T09:13:46.547", "user": 1, "content_type": 7, "object_id": "17", "object_repr": "Samsung S20", "action_flag": 1, "change_message": "[{\"added\": {}}]"}}, {"model": "admin.logentry", "pk": 24, "fields": {"action_time": "2023-06-21T09:14:01.780", "user": 1, "content_type": 7, "object_id": "18", "object_repr": "Dell", "action_flag": 1, "change_message": "[{\"added\": {}}]"}}, {"model": "admin.logentry", "pk": 25, "fields": {"action_time": "2023-06-21T09:14:20.668", "user": 1, "content_type": 7, "object_id": "19", "object_repr": "Dell", "action_flag": 1, "change_message": "[{\"added\": {}}]"}}, {"model": "admin.logentry", "pk": 26, "fields": {"action_time": "2023-06-21T09:14:52.576", "user": 1, "content_type": 7, "object_id": "20", "object_repr": "Apple iPad", "action_flag": 1, "change_message": "[{\"added\": {}}]"}}, {"model": "admin.logentry", "pk": 27, "fields": {"action_time": "2023-06-21T09:15:15.853", "user": 1, "content_type": 7, "object_id": "21", "object_repr": "Apple iPad", "action_flag": 1, "change_message": "[{\"added\": {}}]"}}, {"model": "admin.logentry", "pk": 28, "fields": {"action_time": "2023-06-21T09:16:50.251", "user": 1, "content_type": 4, "object_id": "2", "object_repr": "hassan", "action_flag": 1, "change_message": "[{\"added\": {}}]"}}, {"model": "admin.logentry", "pk": 29, "fields": {"action_time": "2023-06-21T09:17:29.641", "user": 1, "content_type": 4, "object_id": "3", "object_repr": "rakib", "action_flag": 1, "change_message": "[{\"added\": {}}]"}}, {"model": "admin.logentry", "pk": 30, "fields": {"action_time": "2023-06-21T09:17:57.366", "user": 1, "content_type": 4, "object_id": "2", "object_repr": "hassan", "action_flag": 2, "change_message": "[{\"changed\": {\"fields\": [\"First name\", \"Last name\", \"Email address\"]}}]"}}, {"model": "admin.logentry", "pk": 31, "fields": {"action_time": "2023-06-21T09:18:19.341", "user": 1, "content_type": 4, "object_id": "3", "object_repr": "rakib", "action_flag": 2, "change_message": "[{\"changed\": {\"fields\": [\"First name\", \"Last name\", \"Email address\"]}}]"}}, {"model": "admin.logentry", "pk": 32, "fields": {"action_time": "2023-06-21T09:18:30.415", "user": 1, "content_type": 4, "object_id": "4", "object_repr": "rasel", "action_flag": 1, "change_message": "[{\"added\": {}}]"}}, {"model": "admin.logentry", "pk": 33, "fields": {"action_time": "2023-06-21T09:18:40.967", "user": 1, "content_type": 4, "object_id": "5", "object_repr": "sumilon", "action_flag": 1, "change_message": "[{\"added\": {}}]"}}, {"model": "admin.logentry", "pk": 34, "fields": {"action_time": "2023-06-21T09:18:49.613", "user": 1, "content_type": 4, "object_id": "6", "object_repr": "ratul", "action_flag": 1, "change_message": "[{\"added\": {}}]"}}, {"model": "admin.logentry", "pk": 35, "fields": {"action_time": "2023-06-21T09:19:01.872", "user": 1, "content_type": 4, "object_id": "7", "object_repr": "rashed", "action_flag": 1, "change_message": "[{\"added\": {}}]"}}, {"model": "admin.logentry", "pk": 36, "fields": {"action_time": "2023-06-21T09:19:27.344", "user": 1, "content_type": 4, "object_id": "4", "object_repr": "rasel", "action_flag": 2, "change_message": "[{\"changed\": {\"fields\": [\"First name\", \"Last name\", \"Email address\"]}}]"}}, {"model": "admin.logentry", "pk": 37, "fields": {"action_time": "2023-06-21T09:19:50.575", "user": 1, "content_type": 4, "object_id": "7", "object_repr": "rashed", "action_flag": 2, "change_message": "[{\"changed\": {\"fields\": [\"First name\", \"Last name\", \"Email address\"]}}]"}}, {"model": "admin.logentry", "pk": 38, "fields": {"action_time": "2023-06-21T09:20:15.559", "user": 1, "content_type": 4, "object_id": "6", "object_repr": "ratul", "action_flag": 2, "change_message": "[{\"changed\": {\"fields\": [\"First name\", \"Last name\", \"Email address\"]}}]"}}, {"model": "admin.logentry", "pk": 39, "fields": {"action_time": "2023-06-21T09:20:46.731", "user": 1, "content_type": 4, "object_id": "5", "object_repr": "sumilon", "action_flag": 2, "change_message": "[{\"changed\": {\"fields\": [\"First name\", \"Last name\", \"Email address\"]}}]"}}, {"model": "admin.logentry", "pk": 40, "fields": {"action_time": "2023-06-21T09:21:21.150", "user": 1, "content_type": 8, "object_id": "1", "object_repr": "Md Hassan", "action_flag": 1, "change_message": "[{\"added\": {}}]"}}, {"model": "admin.logentry", "pk": 41, "fields": {"action_time": "2023-06-21T09:21:33.365", "user": 1, "content_type": 8, "object_id": "2", "object_repr": "Md Rakib", "action_flag": 1, "change_message": "[{\"added\": {}}]"}}, {"model": "admin.logentry", "pk": 42, "fields": {"action_time": "2023-06-21T09:21:47.305", "user": 1, "content_type": 8, "object_id": "3", "object_repr": "Md Rasel", "action_flag": 1, "change_message": "[{\"added\": {}}]"}}, {"model": "admin.logentry", "pk": 43, "fields": {"action_time": "2023-06-21T09:21:57.408", "user": 1, "content_type": 8, "object_id": "4", "object_repr": "Md Rashed", "action_flag": 1, "change_message": "[{\"added\": {}}]"}}, {"model": "admin.logentry", "pk": 44, "fields": {"action_time": "2023-06-21T09:22:11.553", "user": 1, "content_type": 8, "object_id": "5", "object_repr": "Md Ratul", "action_flag": 1, "change_message": "[{\"added\": {}}]"}}, {"model": "admin.logentry", "pk": 45, "fields": {"action_time": "2023-06-21T09:22:24.409", "user": 1, "content_type": 8, "object_id": "6", "object_repr": "Sumilon Biswas", "action_flag": 1, "change_message": "[{\"added\": {}}]"}}, {"model": "admin.logentry", "pk": 46, "fields": {"action_time": "2023-06-21T09:25:03.188", "user": 1, "content_type": 8, "object_id": "6", "object_repr": "Sumilon Biswas", "action_flag": 2, "change_message": "[{\"changed\": {\"fields\": [\"Devices\"]}}]"}}, {"model": "admin.logentry", "pk": 47, "fields": {"action_time": "2023-06-21T09:28:51.373", "user": 1, "content_type": 9, "object_id": "1", "object_repr": "hassan returned Samsung S20, at: (Sun Nov 20 09:28:49 2022)", "action_flag": 1, "change_message": "[{\"added\": {}}]"}}, {"model": "admin.logentry", "pk": 48, "fields": {"action_time": "2023-06-21T15:31:40.353", "user": 1, "content_type": 9, "object_id": "1", "object_repr": "hassan returned Samsung S20, at: (Sun Nov 20 15:31:37 2022)", "action_flag": 2, "change_message": "[{\"changed\": {\"fields\": [\"Given date\", \"Return date\"]}}]"}}, {"model": "admin.logentry", "pk": 49, "fields": {"action_time": "2023-06-21T15:34:00.021", "user": 1, "content_type": 9, "object_id": "1", "object_repr": "hassan returned Samsung S20, at: (Sun Nov 20 15:31:37 2022)", "action_flag": 3, "change_message": ""}}, {"model": "admin.logentry", "pk": 50, "fields": {"action_time": "2023-06-22T08:45:24.319", "user": 1, "content_type": 10, "object_id": "5", "object_repr": "xyz", "action_flag": 3, "change_message": ""}}, {"model": "admin.logentry", "pk": 51, "fields": {"action_time": "2023-06-22T08:47:00.257", "user": 1, "content_type": 10, "object_id": "6", "object_repr": "xyz", "action_flag": 3, "change_message": ""}}, {"model": "admin.logentry", "pk": 52, "fields": {"action_time": "2023-06-22T11:01:35.040", "user": 1, "content_type": 9, "object_id": "2", "object_repr": "hassan returned Samsung S20, at: (Tue Jul  4 11:01:33 2023)", "action_flag": 1, "change_message": "[{\"added\": {}}]"}}, {"model": "admin.logentry", "pk": 53, "fields": {"action_time": "2023-06-22T11:14:39.593", "user": 1, "content_type": 4, "object_id": "8", "object_repr": "ovi", "action_flag": 1, "change_message": "[{\"added\": {}}]"}}, {"model": "admin.logentry", "pk": 54, "fields": {"action_time": "2023-06-22T11:15:06.494", "user": 1, "content_type": 4, "object_id": "8", "object_repr": "ovi", "action_flag": 2, "change_message": "[{\"changed\": {\"fields\": [\"First name\", \"Last name\", \"Email address\"]}}]"}}, {"model": "admin.logentry", "pk": 55, "fields": {"action_time": "2023-06-22T11:16:58.351", "user": 1, "content_type": 4, "object_id": "9", "object_repr": "limon", "action_flag": 1, "change_message": "[{\"added\": {}}]"}}, {"model": "admin.logentry", "pk": 56, "fields": {"action_time": "2023-06-22T11:17:36.125", "user": 1, "content_type": 4, "object_id": "9", "object_repr": "limon", "action_flag": 2, "change_message": "[{\"changed\": {\"fields\": [\"First name\", \"Last name\", \"Email address\"]}}]"}}, {"model": "auth.permission", "pk": 1, "fields": {"name": "Can add log entry", "content_type": 1, "codename": "add_logentry"}}, {"model": "auth.permission", "pk": 2, "fields": {"name": "Can change log entry", "content_type": 1, "codename": "change_logentry"}}, {"model": "auth.permission", "pk": 3, "fields": {"name": "Can delete log entry", "content_type": 1, "codename": "delete_logentry"}}, {"model": "auth.permission", "pk": 4, "fields": {"name": "Can view log entry", "content_type": 1, "codename": "view_logentry"}}, {"model": "auth.permission", "pk": 5, "fields": {"name": "Can add permission", "content_type": 2, "codename": "add_permission"}}, {"model": "auth.permission", "pk": 6, "fields": {"name": "Can change permission", "content_type": 2, "codename": "change_permission"}}, {"model": "auth.permission", "pk": 7, "fields": {"name": "Can delete permission", "content_type": 2, "codename": "delete_permission"}}, {"model": "auth.permission", "pk": 8, "fields": {"name": "Can view permission", "content_type": 2, "codename": "view_permission"}}, {"model": "auth.permission", "pk": 9, "fields": {"name": "Can add group", "content_type": 3, "codename": "add_group"}}, {"model": "auth.permission", "pk": 10, "fields": {"name": "Can change group", "content_type": 3, "codename": "change_group"}}, {"model": "auth.permission", "pk": 11, "fields": {"name": "Can delete group", "content_type": 3, "codename": "delete_group"}}, {"model": "auth.permission", "pk": 12, "fields": {"name": "Can view group", "content_type": 3, "codename": "view_group"}}, {"model": "auth.permission", "pk": 13, "fields": {"name": "Can add user", "content_type": 4, "codename": "add_user"}}, {"model": "auth.permission", "pk": 14, "fields": {"name": "Can change user", "content_type": 4, "codename": "change_user"}}, {"model": "auth.permission", "pk": 15, "fields": {"name": "Can delete user", "content_type": 4, "codename": "delete_user"}}, {"model": "auth.permission", "pk": 16, "fields": {"name": "Can view user", "content_type": 4, "codename": "view_user"}}, {"model": "auth.permission", "pk": 17, "fields": {"name": "Can add content type", "content_type": 5, "codename": "add_contenttype"}}, {"model": "auth.permission", "pk": 18, "fields": {"name": "Can change content type", "content_type": 5, "codename": "change_contenttype"}}, {"model": "auth.permission", "pk": 19, "fields": {"name": "Can delete content type", "content_type": 5, "codename": "delete_contenttype"}}, {"model": "auth.permission", "pk": 20, "fields": {"name": "Can view content type", "content_type": 5, "codename": "view_contenttype"}}, {"model": "auth.permission", "pk": 21, "fields": {"name": "Can add session", "content_type": 6, "codename": "add_session"}}, {"model": "auth.permission", "pk": 22, "fields": {"name": "Can change session", "content_type": 6, "codename": "change_session"}}, {"model": "auth.permission", "pk": 23, "fields": {"name": "Can delete session", "content_type": 6, "codename": "delete_session"}}, {"model": "auth.permission", "pk": 24, "fields": {"name": "Can view session", "content_type": 6, "codename": "view_session"}}, {"model": "auth.permission", "pk": 25, "fields": {"name": "Can add device", "content_type": 7, "codename": "add_device"}}, {"model": "auth.permission", "pk": 26, "fields": {"name": "Can change device", "content_type": 7, "codename": "change_device"}}, {"model": "auth.permission", "pk": 27, "fields": {"name": "Can delete device", "content_type": 7, "codename": "delete_device"}}, {"model": "auth.permission", "pk": 28, "fields": {"name": "Can view device", "content_type": 7, "codename": "view_device"}}, {"model": "auth.permission", "pk": 29, "fields": {"name": "Can add employee", "content_type": 8, "codename": "add_employee"}}, {"model": "auth.permission", "pk": 30, "fields": {"name": "Can change employee", "content_type": 8, "codename": "change_employee"}}, {"model": "auth.permission", "pk": 31, "fields": {"name": "Can delete employee", "content_type": 8, "codename": "delete_employee"}}, {"model": "auth.permission", "pk": 32, "fields": {"name": "Can view employee", "content_type": 8, "codename": "view_employee"}}, {"model": "auth.permission", "pk": 33, "fields": {"name": "Can add device allocation", "content_type": 9, "codename": "add_deviceallocation"}}, {"model": "auth.permission", "pk": 34, "fields": {"name": "Can change device allocation", "content_type": 9, "codename": "change_deviceallocation"}}, {"model": "auth.permission", "pk": 35, "fields": {"name": "Can delete device allocation", "content_type": 9, "codename": "delete_deviceallocation"}}, {"model": "auth.permission", "pk": 36, "fields": {"name": "Can view device allocation", "content_type": 9, "codename": "view_deviceallocation"}}, {"model": "auth.permission", "pk": 37, "fields": {"name": "Can add company", "content_type": 10, "codename": "add_company"}}, {"model": "auth.permission", "pk": 38, "fields": {"name": "Can change company", "content_type": 10, "codename": "change_company"}}, {"model": "auth.permission", "pk": 39, "fields": {"name": "Can delete company", "content_type": 10, "codename": "delete_company"}}, {"model": "auth.permission", "pk": 40, "fields": {"name": "Can view company", "content_type": 10, "codename": "view_company"}}, {"model": "auth.user", "pk": 1, "fields": {"password": "pbkdf2_sha256$600000$OXKLTxKuZtgj1ZfFXiMt6r$OxbgaoKC66h+w8TgC+nqkDU0i/lvjV813LO9Fwfc9Ds=", "last_login": "2023-06-22T10:37:21.816", "is_superuser": true, "username": "admin", "first_name": "", "last_name": "", "email": "admin@gamil.com", "is_staff": true, "is_active": true, "date_joined": "2023-06-21T07:15:16.791", "groups": [], "user_permissions": []}}, {"model": "auth.user", "pk": 2, "fields": {"password": "pbkdf2_sha256$600000$awFpIxXqWxDtcIXhNeRMnz$6GwKG80r7fnTpQEFbyBYXbiWM+P570M6J/ebSc7DmTA=", "last_login": null, "is_superuser": false, "username": "hassan", "first_name": "Md", "last_name": "Hassan", "email": "hassan@gmail.com", "is_staff": false, "is_active": true, "date_joined": "2023-06-21T09:16:49", "groups": [], "user_permissions": []}}, {"model": "auth.user", "pk": 3, "fields": {"password": "pbkdf2_sha256$600000$AksX4xDY8hnc3M2iB1Cq7X$zuXDXb6ByvgR35EJNjYqQAeHQtu+eDds/zVJhe4/Tes=", "last_login": null, "is_superuser": false, "username": "rakib", "first_name": "Md", "last_name": "Rakib", "email": "rakib@gmail.com", "is_staff": false, "is_active": true, "date_joined": "2023-06-21T09:17:29", "groups": [], "user_permissions": []}}, {"model": "auth.user", "pk": 4, "fields": {"password": "pbkdf2_sha256$600000$KAFtxmy0m9xJOuiai5LliB$jgl9qSpyJKYsHxOA31Q/ab6nxzBem2CsLIf0JWp7N3s=", "last_login": null, "is_superuser": false, "username": "rasel", "first_name": "Md", "last_name": "Rasel", "email": "rasel@gmail.com", "is_staff": false, "is_active": true, "date_joined": "2023-06-21T09:18:30", "groups": [], "user_permissions": []}}, {"model": "auth.user", "pk": 5, "fields": {"password": "pbkdf2_sha256$600000$R0alihA20AdbghGBTNmbVG$ofhWo5s46EQBM81dTA15c0CDZpDZ7UKD2vEauglLM/Q=", "last_login": null, "is_superuser": false, "username": "sumilon", "first_name": "Sumilon", "last_name": "Biswas", "email": "sumilon@gmail.com", "is_staff": false, "is_active": true, "date_joined": "2023-06-21T09:18:40", "groups": [], "user_permissions": []}}, {"model": "auth.user", "pk": 6, "fields": {"password": "pbkdf2_sha256$600000$3Mnv0k6QYIEbsx2LarE8P2$5NzuMuarv9uCGv+nOhvYRuIB985WD7KSE+B9rtIyAvU=", "last_login": null, "is_superuser": false, "username": "ratul", "first_name": "Md", "last_name": "Ratul", "email": "ratul@gmail.com", "is_staff": false, "is_active": true, "date_joined": "2023-06-21T09:18:49", "groups": [], "user_permissions": []}}, {"model": "auth.user", "pk": 7, "fields": {"password": "pbkdf2_sha256$600000$qYyHFFXB7MJchpj0aAydc0$qNof4TGGIhwAF3JZdceEhH0uAm/3kC/ZSFDqbCGBjv8=", "last_login": null, "is_superuser": false, "username": "rashed", "first_name": "Md", "last_name": "Rashed", "email": "rashed@gmail.com", "is_staff": false, "is_active": true, "date_joined": "2023-06-21T09:19:01", "groups": [], "user_permissions": []}}, {"model": "auth.user", "pk": 8, "fields": {"password": "pbkdf2_sha256$600000$rB2BZMLc7Ut869esqeKfet$0A5WD1FbozbOXtcF8Oe/9zZGGEJop9pa5Gvk5rcNZpQ=", "last_login": null, "is_superuser": false, "username": "ovi", "first_name": "Md", "last_name": "Ovi", "email": "ovi@gmail.com", "is_staff": false, "is_active": true, "date_joined": "2023-06-22T11:14:39", "groups": [], "user_permissions": []}}, {"model": "auth.user", "pk": 9, "fields": {"password": "pbkdf2_sha256$600000$kIlEmw4mOqZthU0xyB8FLW$PrRtLDXKcUrcM1qTVxlQR/j+Wu7ppf+RQxLV0QyvO5g=", "last_login": null, "is_superuser": false, "username": "limon", "first_name": "Md", "last_name": "Limon", "email": "limon@gmail.com", "is_staff": false, "is_active": true, "date_joined": "2023-06-22T11:16:58", "groups": [], "user_permissions": []}}, {"model": "auth.user", "pk": 10, "fields": {"password": "pbkdf2_sha256$600000$MiNuakVMPKho5xzxGhKAbq$nn6ujzj72nWMfkDGK/wTuEWgBbpmreTB1/MtHj3T4T0=", "last_login": null, "is_superuser": false, "username": "jarry", "first_name": "Mr", "last_name": "Jarry", "email": "jarry@gmail.com", "is_staff": false, "is_active": true, "date_joined": "2023-06-22T17:09:07.586", "groups": [], "user_permissions": []}}, {"model": "contenttypes.contenttype", "pk": 1, "fields": {"app_label": "admin", "model": "logentry"}}, {"model": "contenttypes.contenttype", "pk": 2, "fields": {"app_label": "auth", "model": "permission"}}, {"model": "contenttypes.contenttype", "pk": 3, "fields": {"app_label": "auth", "model": "group"}}, {"model": "contenttypes.contenttype", "pk": 4, "fields": {"app_label": "auth", "model": "user"}}, {"model": "contenttypes.contenttype", "pk": 5, "fields": {"app_label": "contenttypes", "model": "contenttype"}}, {"model": "contenttypes.contenttype", "pk": 6, "fields": {"app_label": "sessions", "model": "session"}}, {"model": "contenttypes.contenttype", "pk": 7, "fields": {"app_label": "app", "model": "device"}}, {"model": "contenttypes.contenttype", "pk": 8, "fields": {"app_label": "app", "model": "employee"}}, {"model": "contenttypes.contenttype", "pk": 9, "fields": {"app_label": "app", "model": "deviceallocation"}}, {"model": "contenttypes.contenttype", "pk": 10, "fields": {"app_label": "app", "model": "company"}}, {"model": "sessions.session", "pk": "hhb2k0girvtwnoi3d70124cdyd1595nv", "fields": {"session_data": ".eJxVjMsOwiAURP-FtSG8EZfu_QZy4V6kaiAp7cr477ZJF7qcOWfmzSKsS43roDlOyC5MstNvlyA_qe0AH9DunefelnlKfFf4QQe_daTX9XD_DiqMuq0VBZspJFm8EG5LReYikoOkZJBkbUZVLArtHRoo2uiz1cIQCAJJ2bPPF-xvOCE:1qBteW:aQLOPdU99jr8pgAkOjEQWMh69k7gFv-gM9Ci8rFq-xM", "expire_date": "2023-07-05T08:57:24.333"}}, {"model": "sessions.session", "pk": "m9fr9wrrli8k0zot78zetc0di5kdm5qg", "fields": {"session_data": ".eJxVjMsOwiAURP-FtSG8EZfu_QZy4V6kaiAp7cr477ZJF7qcOWfmzSKsS43roDlOyC5MstNvlyA_qe0AH9DunefelnlKfFf4QQe_daTX9XD_DiqMuq0VBZspJFm8EG5LReYikoOkZJBkbUZVLArtHRoo2uiz1cIQCAJJ2bPPF-xvOCE:1qCC4P:1iSqO_PdKJiAeszW8D60irfcG8ox7rCB4L-OCvP71zc", "expire_date": "2023-07-06T10:37:21.881"}}, {"model": "app.company", "pk": 1, "fields": {"name": "RFL", "address": "Lalbagh, Dhaka", "phone_number": "0150000001"}}, {"model": "app.company", "pk": 2, "fields": {"name": "ACI", "address": "Gulsan, Dhaka", "phone_number": "0150000002"}}, {"model": "app.company", "pk": 3, "fields": {"name": "Regal", "address": "Kakrail", "phone_number": "0150000003"}}, {"model": "app.company", "pk": 4, "fields": {"name": "Samit", "address": "Narayongong, Dhaka", "phone_number": "0150000004"}}, {"model": "app.device", "pk": 1, "fields": {"company": 2, "name": "Samsung S20", "serial_number": "10001", "condition": "Good", "checked_out": true}}, {"model": "app.device", "pk": 2, "fields": {"company": 2, "name": "Samsung S20", "serial_number": "10002", "condition": "Average", "checked_out": true}}, {"model": "app.device", "pk": 3, "fields": {"company": 2, "name": "Samsung S20", "serial_number": "10003", "condition": "Good", "checked_out": true}}, {"model": "app.device", "pk": 4, "fields": {"company": 2, "name": "Dell", "serial_number": "20001", "condition": "Good", "checked_out": true}}, {"model": "app.device", "pk": 5, "fields": {"company": 2, "name": "Dell", "serial_number": "20002", "condition": "Good", "checked_out": true}}, {"model": "app.device", "pk": 6, "fields": {"company": 2, "name": "Apple iPad", "serial_number": "30001", "condition": "Good", "checked_out": true}}, {"model": "app.device", "pk": 7, "fields": {"company": 2, "name": "Apple iPad", "serial_number": "30002", "condition": "Average", "checked_out": true}}, {"model": "app.device", "pk": 8, "fields": {"company": 1, "name": "Samsung S20", "serial_number": "10004", "condition": "Good", "checked_out": true}}, {"model": "app.device", "pk": 9, "fields": {"company": 1, "name": "Samsung S20", "serial_number": "10005", "condition": "Good", "checked_out": true}}, {"model": "app.device", "pk": 10, "fields": {"company": 1, "name": "Samsung S20", "serial_number": "10006", "condition": "Good", "checked_out": true}}, {"model": "app.device", "pk": 11, "fields": {"company": 1, "name": "Dell", "serial_number": "20003", "condition": "Good", "checked_out": true}}, {"model": "app.device", "pk": 12, "fields": {"company": 1, "name": "Dell", "serial_number": "20004", "condition": "Good", "checked_out": true}}, {"model": "app.device", "pk": 13, "fields": {"company": 1, "name": "Apple iPad", "serial_number": "30003", "condition": "Good", "checked_out": true}}, {"model": "app.device", "pk": 14, "fields": {"company": 1, "name": "Apple iPad", "serial_number": "30004", "condition": "Good", "checked_out": true}}, {"model": "app.device", "pk": 15, "fields": {"company": 3, "name": "Samsung S20", "serial_number": "10007", "condition": "Good", "checked_out": true}}, {"model": "app.device", "pk": 16, "fields": {"company": 3, "name": "Samsung S20", "serial_number": "10008", "condition": "Good", "checked_out": true}}, {"model": "app.device", "pk": 17, "fields": {"company": 3, "name": "Samsung S20", "serial_number": "10009", "condition": "Normal", "checked_out": true}}, {"model": "app.device", "pk": 18, "fields": {"company": 3, "name": "Dell", "serial_number": "20005", "condition": "Average", "checked_out": true}}, {"model": "app.device", "pk": 19, "fields": {"company": 3, "name": "Dell", "serial_number": "20006", "condition": "Normal", "checked_out": true}}, {"model": "app.device", "pk": 20, "fields": {"company": 3, "name": "Apple iPad", "serial_number": "30005", "condition": "Good", "checked_out": true}}, {"model": "app.device", "pk": 21, "fields": {"company": 3, "name": "Apple iPad", "serial_number": "30006", "condition": "Good", "checked_out": true}}, {"model": "app.device", "pk": 23, "fields": {"company": 3, "name": "b", "serial_number": "222222222222", "condition": "Good", "checked_out": true}}, {"model": "app.employee", "pk": 1, "fields": {"user": 2, "company": 2, "devices": [1]}}, {"model": "app.employee", "pk": 2, "fields": {"user": 3, "company": 1, "devices": [12]}}, {"model": "app.employee", "pk": 3, "fields": {"user": 4, "company": 3, "devices": [6]}}, {"model": "app.employee", "pk": 4, "fields": {"user": 7, "company": 2, "devices": [2]}}, {"model": "app.employee", "pk": 5, "fields": {"user": 6, "company": 1, "devices": [19]}}, {"model": "app.employee", "pk": 6, "fields": {"user": 5, "company": 3, "devices": [7]}}, {"model": "app.employee", "pk": 7, "fields": {"user": 8, "company": 1, "devices": [23]}}, {"model": "app.deviceallocation", "pk": 2, "fields": {"device": 1, "employee": 1, "updated_at": "2023-06-22T11:01:35.038", "given_date": "2020-01-15T00:00:00", "return_date": "2020-03-15T00:00:00"}}]